,drug_atc_code,drug_name,drugbank_id
0,B01AE02,lepirudin,DB00001
1,B01AE06,bivalirudin,DB00006
2,L02AE03,goserelin,DB00014
3,B03XA01,erythropoietin,DB00016
4,H05BA01,salmon calcitonin,DB00017
5,H01AB01,thyrotropin alfa,DB00024
6,A10AC01,insulin human,DB00030
7,H01BA02,desmopressin,DB00035
8,H04AA01,glucagon,DB00040
9,A10AC04,insulin lispro,DB00046
10,V03AF07,rasburicase,DB00049
11,H01CC02,cetrorelix,DB00050
12,B01AC16,eptifibatide,DB00063
13,A10AC03,insulin pork,DB00071
14,L04AA02,muromonab,DB00075
15,J01XX09,daptomycin,DB00080
16,B01AD01,streptokinase,DB00086
17,L04AD01,cyclosporine,DB00091
18,G03GA04,urofollitropin,DB00094
19,H01CB02,octreotide,DB00104
20,L03AB05,interferon alfa-2b,DB00105
21,L02BX01,abarelix,DB00106
22,J05AX07,enfuvirtide,DB00109
23,B03BA01,cyanocobalamin,DB00115
24,B05XB01,arginine,DB00125
25,G01AD03,ascorbic acid,DB00126
26,A16AA03,l-glutamine,DB00130
27,D05AX03,calcitriol,DB00136
28,B05CX03,glycine,DB00145
29,A11DA01,thiamine,DB00152
30,A11CC01,ergocalciferol,DB00153
31,C10AA03,pravastatin,DB00175
32,N06AB08,fluvoxamine,DB00176
33,R01AD04,flunisolide,DB00180
34,M03BX01,baclofen,DB00181
35,N06BA01,amphetamine,DB00182
36,N07BA01,nicotine,DB00184
37,N07AX03,cevimeline,DB00185
38,C07AB09,esmolol,DB00187
39,L01XX32,bortezomib,DB00188
40,A08AA01,phentermine,DB00191
41,J05AB03,vidarabine,DB00194
42,S01ED02,betaxolol,DB00195
43,A10BG01,troglitazone,DB00197
44,J05AH02,oseltamivir,DB00198
45,J01FA01,erythromycin,DB00199
46,M03AB01,succinylcholine,DB00202
47,C01BD04,dofetilide,DB00204
48,P01BD01,pyrimethamine,DB00205
49,B01AC05,ticlopidine,DB00208
50,D10AD03,adapalene,DB00210
51,C01CA17,midodrine,DB00211
52,C03CA04,torasemide,DB00214
53,N06AB04,citalopram,DB00215
54,N02CC06,eletriptan,DB00216
55,J05AE04,nelfinavir,DB00220
56,D07AC10,diflorasone,DB00223
57,J05AE02,indinavir,DB00224
58,V08CA03,gadodiamide,DB00225
59,C10AA02,lovastatin,DB00227
60,N01AB04,enflurane,DB00228
61,N03AX16,pregabalin,DB00230
62,N05CD07,temazepam,DB00231
63,C03AA08,methyclothiazide,DB00232
64,J04AA02,aminosalicylic acid,DB00233
65,N06AX18,reboxetine,DB00234
66,C01CE02,milrinone,DB00235
67,J05AG01,nevirapine,DB00238
68,D01AC11,oxiconazole,DB00239
69,D07AB10,alclometasone,DB00240
70,C01EB18,ranolazine,DB00243
71,A07EC02,mesalazine,DB00244
72,N04AC01,benzatropine,DB00245
73,N05AE04,ziprasidone,DB00246
74,N02CA04,methysergide,DB00247
75,N04BC06,cabergoline,DB00248
76,J05AB02,idoxuridine,DB00249
77,D10AX05,dapsone,DB00250
78,G01AG02,terconazole,DB00251
79,N03AB02,phenytoin,DB00252
80,S01BA08,medrysone,DB00253
81,J01AA02,doxycycline,DB00254
82,J01AA04,lymecycline,DB00256
83,D01AC01,clotrimazole,DB00257
84,J04AB01,cycloserine,DB00260
85,L01XX35,anagrelide,DB00261
86,L01AD01,carmustine,DB00262
87,N04BC04,ropinirole,DB00268
88,C08CA03,isradipine,DB00270
89,V08AA01,diatrizoate,DB00271
90,N03AX11,topiramate,DB00273
91,L01XX01,amsacrine,DB00276
92,B01AE03,argatroban,DB00278
93,C01BA03,disopyramide,DB00280
94,S01HA07,lidocaine,DB00281
95,M05BA03,pamidronic acid,DB00282
96,D04AA14,clemastine,DB00283
97,N06AX16,venlafaxine,DB00285
98,G03CA57,conjugated estrogens,DB00286
99,S01EE04,travoprost,DB00287
100,D07AC11,amcinonide,DB00288
101,N06BA09,atomoxetine,DB00289
102,L01DC01,bleomycin,DB00290
103,L01AA02,chlorambucil,DB00291
104,N01AX07,etomidate,DB00292
105,L01BA03,raltitrexed,DB00293
106,G03AC08,etonogestrel,DB00294
107,N01BB09,ropivacaine,DB00296
108,N01BB01,bupivacaine,DB00297
109,D06BB06,penciclovir,DB00299
110,B02AA02,tranexamic acid,DB00302
111,J01DH03,ertapenem,DB00303
112,G03AC09,desogestrel,DB00304
113,L01DC03,mitomycin,DB00305
114,L01XX25,bexarotene,DB00307
115,C01BD05,ibutilide,DB00308
116,N03AG01,valproic acid,DB00313
117,J04AB30,capreomycin,DB00314
118,N02CC03,zolmitriptan,DB00315
119,L01XE02,gefitinib,DB00317
120,J01CA12,piperacillin,DB00319
121,N06AA09,amitriptyline,DB00321
122,N04BX01,tolcapone,DB00323
123,D07XB04,fluorometholone,DB00324
124,C02DD01,nitroprusside,DB00325
125,J04AK02,ethambutol,DB00330
126,R03BB01,ipratropium,DB00332
127,N07BC02,methadone,DB00333
128,N05AH03,olanzapine,DB00334
129,D11AH02,pimecrolimus,DB00337
130,A02BC01,omeprazole,DB00338
131,J04AK01,pyrazinamide,DB00339
132,R06AE07,cetirizine,DB00341
133,C08DB01,diltiazem,DB00343
134,N06AA11,protriptyline,DB00344
135,V04CH30,aminohippuric acid,DB00345
136,G04CA01,alfuzosin,DB00346
137,N03AC02,trimethadione,DB00347
138,A16AX04,nitisinone,DB00348
139,N05BA09,clobazam,DB00349
140,D11AX01,minoxidil,DB00350
141,L01BB03,tioguanine,DB00352
142,J01DF01,aztreonam,DB00355
143,M03BB03,chlorzoxazone,DB00356
144,L02BG01,aminoglutethimide,DB00357
145,A16AX07,sapropterin,DB00360
146,L01CA04,vinorelbine,DB00361
147,J02AX06,anidulafungin,DB00362
148,N05AH02,clozapine,DB00363
149,C01CA03,norepinephrine,DB00368
150,J05AB12,cidofovir,DB00369
151,N06AX11,mirtazapine,DB00370
152,C07AA06,timolol,DB00373
153,B01AC21,treprostinil,DB00374
154,C10AC02,colestipol,DB00375
155,N04AA01,trihexyphenidyl,DB00376
156,C01BB02,mexiletine,DB00379
157,V03AF02,dexrazoxane,DB00380
158,C03DB02,triamterene,DB00384
159,L01DB09,valrubicin,DB00385
160,S01FB01,phenylephrine,DB00388
161,H03BB01,carbimazole,DB00389
162,C01AA05,digoxin,DB00390
163,C08CA06,nimodipine,DB00393
164,M03BA02,carisoprodol,DB00395
165,L01XE05,sorafenib,DB00398
166,D01BA01,griseofulvin,DB00400
167,C08CA07,nisoldipine,DB00401
168,N05CF04,eszopiclone,DB00402
169,N05BA12,alprazolam,DB00404
170,N05AH01,loxapine,DB00408
171,R01AX06,mupirocin,DB00410
172,N07AB01,carbamoylcholine,DB00411
173,N04BC05,pramipexole,DB00413
174,A16AX06,miglustat,DB00419
175,C03DA01,spironolactone,DB00421
176,N06BA04,methylphenidate,DB00422
177,A03BA03,hyoscyamine,DB00424
178,N05CF02,zolpidem,DB00425
179,J05AB09,famciclovir,DB00426
180,L01AD04,streptozocin,DB00428
181,G02AD04,carboprost tromethamine,DB00429
182,P03AB02,lindane,DB00431
183,N05AB04,prochlorperazine,DB00433
184,R06AX02,cyproheptadine,DB00434
185,R07AX01,nitric oxide,DB00435
186,M04AA01,allopurinol,DB00437
187,J01DD02,ceftazidime,DB00438
188,C10AA06,cerivastatin,DB00439
189,L01BC05,gemcitabine,DB00441
190,J05AF10,entecavir,DB00442
191,R01AD06,betamethasone,DB00443
192,L01CB02,teniposide,DB00444
193,L01DB03,epirubicin,DB00445
194,S03AA08,chloramphenicol,DB00446
195,A02BC03,lansoprazole,DB00448
196,S01EA02,dipivefrin,DB00449
197,N05AD08,droperidol,DB00450
198,H03AA01,levothyroxine,DB00451
199,D09AA01,framycetin,DB00452
200,N02AB02,meperidine,DB00454
201,R06AX13,loratadine,DB00455
202,N06AA02,imipramine,DB00458
203,D05BB02,acitretin,DB00459
204,S01LA01,verteporfin,DB00460
205,M01AX01,nabumetone,DB00461
206,M01AB15,ketorolac,DB00465
207,M01AC02,tenoxicam,DB00469
208,A04AD10,dronabinol,DB00470
209,R03DC03,montelukast,DB00471
210,N05BA02,chlordiazepoxide,DB00475
211,N06AX21,duloxetine,DB00476
212,N05AA01,chlorpromazine,DB00477
213,J05AC02,rimantadine,DB00478
214,S01AA21,amikacin,DB00479
215,L04AX04,lenalidomide,DB00480
216,G03XC01,raloxifene,DB00481
217,M01AH01,celecoxib,DB00482
218,A04AD11,nabilone,DB00486
219,L01XX03,altretamine,DB00488
220,C07AA07,sotalol,DB00489
221,N05BE01,buspirone,DB00490
222,A10BF02,miglitol,DB00491
223,J01DD01,cefotaxime,DB00493
224,N04BX02,entacapone,DB00494
225,G04BD10,darifenacin,DB00496
226,L02BB01,flutamide,DB00499
227,M01AB03,tolmetin,DB00500
228,N05AD01,haloperidol,DB00502
229,P01AX11,nitazoxanide,DB00507
230,C10AX01,dextrothyroxine,DB00509
231,J01XA01,vancomycin,DB00512
232,B02AA01,aminocaproic acid,DB00513
233,R05DA09,dextromethorphan,DB00514
234,L01XA01,cisplatin,DB00515
235,P02CA03,albendazole,DB00518
236,C09AA10,trandolapril,DB00519
237,J02AX04,caspofungin,DB00520
238,L01XA03,oxaliplatin,DB00526
239,J05AD01,foscarnet,DB00529
240,L01XE03,erlotinib,DB00530
241,L01AA01,cyclophosphamide,DB00531
242,N03AB04,mephenytoin,DB00532
243,M01AH02,rofecoxib,DB00533
244,J01DD15,cefdinir,DB00535
245,V08CA06,gadoversetamide,DB00538
246,L02BA02,toremifene,DB00539
247,N06AA10,nortriptyline,DB00540
248,L01CA02,vincristine,DB00541
249,N06AA17,amoxapine,DB00543
250,N07AA02,pyridostigmine,DB00545
251,D07AC03,desoximetasone,DB00547
252,D10AX03,azelaic acid,DB00548
253,R03DC01,zafirlukast,DB00549
254,H03BA02,propylthiouracil,DB00550
255,G04BX03,acetohydroxamic acid,DB00551
256,L01XX08,pentostatin,DB00552
257,D05BA02,methoxsalen,DB00553
258,M01AC01,piroxicam,DB00554
259,N03AX09,lamotrigine,DB00555
260,N05BB01,hydroxyzine,DB00557
261,J05AH01,zanamivir,DB00558
262,R07AB01,doxapram,DB00561
263,L04AX03,methotrexate,DB00563
264,N03AF01,carbamazepine,DB00564
265,M03AC11,cisatracurium,DB00565
266,J01DB01,cephalexin,DB00567
267,B01AX05,fondaparinux,DB00569
268,L01CA01,vinblastine,DB00570
269,S01FA01,atropine,DB00572
270,M01AE04,fenoprofen,DB00573
271,S01EA04,clonidine,DB00575
272,J05AB11,valaciclovir,DB00577
273,M01AH03,valdecoxib,DB00580
274,J02AC03,voriconazole,DB00582
275,A16AA01,levocarnitine,DB00583
276,A02BA04,nizatidine,DB00585
277,G02CB02,lisuride,DB00589
278,C02CA04,doxazosin,DB00590
279,N03AD01,ethosuximide,DB00593
280,C03DB01,amiloride,DB00594
281,J01AA06,oxytetracycline,DB00595
282,V08CA04,gadoteridol,DB00597
283,D11AX13,monobenzone,DB00600
284,J01XX08,linezolid,DB00601
285,P02CF01,ivermectin,DB00602
286,G03DA02,medroxyprogesterone acetate,DB00603
287,M01AB02,sulindac,DB00605
288,P01BA01,chloroquine,DB00608
289,J04AD03,ethionamide,DB00609
290,N02AF01,butorphanol,DB00611
291,J04AB04,rifabutin,DB00615
292,J01AA01,demeclocycline,DB00618
293,L01XE01,imatinib,DB00619
294,D07AB09,triamcinolone,DB00620
295,A14AA08,oxandrolone,DB00621
296,C08CA04,nicardipine,DB00622
297,N05AB02,fluphenazine,DB00623
298,G03BA03,testosterone,DB00624
299,J01XX10,bacitracin,DB00626
300,C10AD02,niacin,DB00627
301,L01BB06,clofarabine,DB00631
302,D06BB11,docosanol,DB00632
303,N05CM18,dexmedetomidine,DB00633
304,A07EA03,prednisone,DB00635
305,C01EB10,adenosine,DB00640
306,L01BA04,pemetrexed,DB00642
307,V04CM01,gonadorelin,DB00644
308,D01AA01,nystatin,DB00646
309,N02AC04,dextropropoxyphene,DB00647
310,L01XX23,mitotane,DB00648
311,J05AF04,stavudine,DB00649
312,V03AF06,leucovorin,DB00650
313,N02AD01,pentazocine,DB00652
314,S01EE01,latanoprost,DB00654
315,G03CC04,estrone,DB00655
316,N06AX05,trazodone,DB00656
317,C02BB01,mecamylamine,DB00657
318,V03AE02,sevelamer,DB00658
319,N07BB03,acamprosate,DB00659
320,D07AB03,flumethasone,DB00663
321,L02BB02,nilutamide,DB00665
322,H01CA02,nafarelin,DB00666
323,A01AD01,epinephrine,DB00668
324,N02CC01,sumatriptan,DB00669
325,J01DD08,cefixime,DB00671
326,A10BB02,chlorpropamide,DB00672
327,A04AD12,aprepitant,DB00673
328,N06DA04,galantamine,DB00674
329,L02BA01,tamoxifen,DB00675
330,P03AX01,benzyl benzoate,DB00676
331,C09CA01,losartan,DB00678
332,N05AC02,thioridazine,DB00679
333,G01AA03,amphotericin b,DB00681
334,B01AA03,warfarin,DB00682
335,N05CD08,midazolam,DB00683
336,S01AA12,tobramycin,DB00684
337,J01MA13,trovafloxacin,DB00685
338,C05BA04,pentosan polysulfate,DB00686
339,N05CD01,flurazepam,DB00690
340,S01JA01,fluorescein,DB00693
341,L01DB02,daunorubicin,DB00694
342,N02CA02,ergotamine,DB00696
343,M03BX02,tizanidine,DB00697
344,J01XE01,nitrofurantoin,DB00698
345,C03DA04,eplerenone,DB00700
346,J05AE05,amprenavir,DB00701
347,S01EC05,methazolamide,DB00703
348,J05AG02,delavirdine,DB00705
349,L01XD01,porfimer sodium,DB00707
350,N01AH03,sufentanil,DB00708
351,M05BA06,ibandronate,DB00710
352,M02AA19,flurbiprofen,DB00712
353,G04BE07,apomorphine,DB00714
354,N06AB05,paroxetine,DB00715
355,R03BC03,nedocromil,DB00716
356,J05AF08,adefovir dipivoxil,DB00718
357,M05BA02,clodronic acid,DB00720
358,D06BB10,imiquimod,DB00724
359,N06AA06,trimipramine,DB00726
360,C01DA02,nitroglycerin,DB00727
361,M03AC09,rocuronium,DB00728
362,D01AC06,thiabendazole,DB00730
363,A10BX03,nateglinide,DB00731
364,V03AB04,pralidoxime,DB00733
365,N05AX08,risperidone,DB00734
366,D01AE22,naftifine,DB00735
367,N07XX02,riluzole,DB00740
368,S01CB03,hydrocortisone,DB00741
369,B05CX04,mannitol,DB00742
370,V08CA08,gadobenic acid,DB00743
371,N06BA07,modafinil,DB00745
372,V03AC01,deferoxamine,DB00746
373,N05CM05,scopolamine,DB00747
374,R06AA08,carbinoxamine,DB00748
375,M01AB08,etodolac,DB00749
376,S01GX10,epinastine,DB00751
377,N06AF04,tranylcypromine,DB00752
378,N01AB06,isoflurane,DB00753
379,N03AB01,ethotoin,DB00754
380,D08AE01,hexachlorophene,DB00756
381,A04AA04,dolasetron,DB00757
382,B01AC04,clopidogrel,DB00758
383,S02AA08,tetracycline,DB00759
384,J01DH02,meropenem,DB00760
385,L01XX19,irinotecan,DB00762
386,D07AC13,mometasone,DB00764
387,C02KB01,metyrosine,DB00765
388,S01GX09,olopatadine,DB00768
389,C01EA01,alprostadil,DB00770
390,P03AX03,malathion,DB00772
391,L01CB01,etoposide,DB00773
392,C03AA02,hydroflumethiazide,DB00774
393,B01AC17,tirofiban,DB00775
394,N03AF02,oxcarbazepine,DB00776
395,J01FA06,roxithromycin,DB00778
396,J01MB02,nalidixic acid,DB00779
397,N06AF03,phenelzine,DB00780
398,A03AB05,propantheline,DB00782
399,M01AG01,mefenamic acid,DB00784
400,J05AB01,acyclovir,DB00787
401,G02CC02,naproxen,DB00788
402,V08CA01,gadopentetic acid,DB00789
403,A07EC01,sulfasalazine,DB00795
404,S01AA11,gentamicin,DB00798
405,D05AX05,tazarotene,DB00799
406,C01CA19,fenoldopam,DB00800
407,N01AH02,alfentanil,DB00802
408,A03AA07,dicyclomine,DB00804
409,C04AD03,pentoxifylline,DB00806
410,S01HA04,proparacaine,DB00807
411,C03BA11,indapamide,DB00808
412,S01FA06,tropicamide,DB00809
413,N01AH01,fentanyl,DB00813
414,R03AB03,orciprenaline,DB00816
415,N01AX10,propofol,DB00818
416,G04BE08,tadalafil,DB00820
417,P03AA04,disulfiram,DB00822
418,G01AA02,natamycin,DB00826
419,J01MB06,cinoxacin,DB00827
420,J01XX01,fosfomycin,DB00828
421,N05BA01,diazepam,DB00829
422,N05AB06,trifluoperazine,DB00831
423,J01DC04,cefaclor,DB00833
424,G03XB01,mifepristone,DB00834
425,A07DA03,loperamide,DB00836
426,D07AB21,clocortolone,DB00838
427,A10BB05,tolazamide,DB00839
428,C01CA07,dobutamine,DB00841
429,N05BA04,oxazepam,DB00842
430,N02AF02,nalbuphine,DB00844
431,J04BA01,clofazimine,DB00845
432,A16AA04,cysteamine,DB00847
433,N05AB03,perphenazine,DB00850
434,L01AX04,dacarbazine,DB00851
435,L01AX03,temozolomide,DB00853
436,L01XD04,aminolevulinic acid,DB00855
437,D01AE15,terbinafine,DB00857
438,M01CC01,penicillamine,DB00859
439,N02BA11,diflunisal,DB00861
440,G04BE09,vardenafil,DB00862
441,D11AH01,tacrolimus,DB00864
442,R05DB01,benzonatate,DB00868
443,S01EC03,dorzolamide,DB00869
444,M01AE07,suprofen,DB00870
445,C03XA02,conivaptan,DB00872
446,R05CA03,guaifenesin,DB00874
447,R02AA05,chlorhexidine,DB00878
448,C09AA06,quinapril,DB00881
449,G03GB02,clomifene,DB00882
450,C01DA08,isosorbide dinitrate,DB00883
451,L01AA05,mechlorethamine,DB00888
452,A04AA02,granisetron,DB00889
453,H02AB12,rimexolone,DB00896
454,N05CD05,triazolam,DB00897
455,N01AH06,remifentanil,DB00899
456,J05AF02,didanosine,DB00900
457,C03CC01,etacrynic acid,DB00903
458,A04AA01,ondansetron,DB00904
459,S01EE03,bimatoprost,DB00905
460,N03AG06,tiagabine,DB00906
461,S01HA01,cocaine,DB00907
462,C01BA01,quinidine,DB00908
463,N03AX15,zonisamide,DB00909
464,H05BX02,paricalcitol,DB00910
465,N04BB01,amantadine,DB00915
466,G02AD02,dinoprostone,DB00917
467,N02CC05,almotriptan,DB00918
468,J01XX04,spectinomycin,DB00919
469,S01GX08,ketotifen,DB00920
470,N07BC01,buprenorphine,DB00921
471,C01CX08,levosimendan,DB00922
472,M03BX08,cyclobenzaprine,DB00924
473,C04AX02,phenoxybenzamine,DB00925
474,L01BC07,azacitidine,DB00928
475,G02AD06,misoprostol,DB00929
476,C10AC04,colesevelam,DB00930
477,J05AE09,tipranavir,DB00932
478,N06AA21,maprotiline,DB00934
479,D01AE12,salicylic acid,DB00936
480,A08AA03,diethylpropion,DB00937
481,M01AG04,meclofenamic acid,DB00939
482,J05AF03,zalcitabine,DB00943
483,B01AC06,acetylsalicylic acid,DB00945
484,L02BA03,fulvestrant,DB00947
485,N03AX10,felbamate,DB00949
486,R06AX26,fexofenadine,DB00950
487,N02CC02,naratriptan,DB00952
488,N02CC04,rizatriptan,DB00953
489,R05DA03,hydrocodone,DB00956
490,L01XA02,carboplatin,DB00958
491,D10AA02,methylprednisolone,DB00959
492,N05CF03,zaleplon,DB00962
493,S01BC11,bromfenac,DB00963
494,S01EA03,apraclonidine,DB00964
495,R06AX27,desloratadine,DB00967
496,A03AE01,alosetron,DB00969
497,L01DA01,dactinomycin,DB00970
498,D01AE13,selenium sulfide,DB00971
499,R06AX19,azelastine,DB00972
500,B01AC07,dipyridamole,DB00975
501,J01FA15,telithromycin,DB00976
502,N05CH02,ramelteon,DB00980
503,S01EB05,physostigmine,DB00981
504,D10AD04,isotretinoin,DB00982
505,A03AB02,glycopyrronium,DB00986
506,L01BC01,cytarabine,DB00987
507,C01CA04,dopamine,DB00988
508,N06DA03,rivastigmine,DB00989
509,L02BG06,exemestane,DB00990
510,M01AE12,oxaprozin,DB00991
511,L01XD03,methyl aminolevulinate,DB00992
512,L04AX01,azathioprine,DB00993
513,M01CB03,auranofin,DB00995
514,N03AX12,gabapentin,DB00996
515,L01DB01,doxorubicin,DB00997
516,N02CC07,frovatriptan,DB00998
517,N01BB10,levobupivacaine,DB01002
518,J05AB06,ganciclovir,DB01004
519,L01XX05,hydroxyurea,DB01005
520,L02BG04,letrozole,DB01006
521,L01AB01,busulfan,DB01008
522,M01AE03,ketoprofen,DB01009
523,V04CD01,metyrapone,DB01011
524,H05BX01,cinacalcet,DB01012
525,A07EC04,balsalazide,DB01014
526,A10BB01,glyburide,DB01016
527,J01AA08,minocycline,DB01017
528,C02AC02,guanfacine,DB01018
529,N07AB02,bethanechol,DB01019
530,C01DA14,isosorbide mononitrate,DB01020
531,B02BA01,phylloquinone,DB01022
532,L04AA06,mycophenolic acid,DB01024
533,A01AD07,amlexanox,DB01025
534,G01AF11,ketoconazole,DB01026
535,C09CA04,irbesartan,DB01029
536,L01XX17,topotecan,DB01030
537,M04AB01,probenecid,DB01032
538,L01BB02,mercaptopurine,DB01033
539,C01BA02,procainamide,DB01035
540,G04BD07,tolterodine,DB01036
541,N04BD01,selegiline,DB01037
542,L04AX02,thalidomide,DB01041
543,L01AA03,melphalan,DB01042
544,A06AX03,lubiprostone,DB01046
545,C05AA11,fluocinonide,DB01047
546,G02CC01,ibuprofen,DB01050
547,S01EB03,echothiophate,DB01057
548,P02BA01,praziquantel,DB01058
549,G04BD04,oxybutynin,DB01062
550,C01CA02,isoprenaline,DB01064
551,N05CH01,melatonin,DB01065
552,J01DD16,cefditoren,DB01066
553,A10BB07,glipizide,DB01067
554,N03AE01,clonazepam,DB01068
555,J05AE08,atazanavir,DB01072
556,L01BB05,fludarabine,DB01073
557,C08EX02,perhexiline,DB01074
558,D04AA32,diphenhydramine,DB01075
559,N03AG04,vigabatrin,DB01080
560,A08AB01,orlistat,DB01083
561,S01GX06,emedastine,DB01084
562,N07AX01,pilocarpine,DB01085
563,C05AD03,benzocaine,DB01086
564,P01BA03,primaquine,DB01087
565,B01AC11,iloprost,DB01088
566,D01AE23,butenafine,DB01091
567,M02AX03,dimethyl sulfoxide,DB01093
568,C10AA04,fluvastatin,DB01095
569,L04AA13,leflunomide,DB01097
570,J02AX01,flucytosine,DB01099
571,N05AG02,pimozide,DB01100
572,L01BC06,capecitabine,DB01101
573,N06AB06,sertraline,DB01104
574,A08AA10,sibutramine,DB01105
575,R01AC02,levocabastine,DB01106
576,A07AC01,miconazole,DB01110
577,G04BE02,papaverine,DB01113
578,P01AX06,atovaquone,DB01117
579,C01BD01,amiodarone,DB01118
580,A10BB09,gliclazide,DB01120
581,V04CA01,tolbutamide,DB01124
582,G04CB02,dutasteride,DB01126
583,G01AF05,econazole,DB01127
584,L02BB03,bicalutamide,DB01128
585,D07AC18,prednicarbate,DB01130
586,P01BB01,proguanil,DB01131
587,M05BA05,tiludronic acid,DB01133
588,C07AG02,carvedilol,DB01136
589,J01MA12,levofloxacin,DB01137
590,J01DB05,cefadroxil,DB01140
591,J02AX05,micafungin,DB01141
592,N06AA12,doxepin,DB01142
593,V03AF05,amifostine,DB01143
594,G04BD02,flavoxate,DB01148
595,N06AX06,nefazodone,DB01149
596,J01DC10,cefprozil,DB01150
597,N06AA01,desipramine,DB01151
598,J01MA15,gemifloxacin,DB01155
599,P01AX07,trimetrexate,DB01157
600,C01BD02,bretylium,DB01158
601,N01BA04,chloroprocaine,DB01161
602,G04CA03,terazosin,DB01162
603,A12AA07,calcium chloride,DB01164
604,J01MA01,ofloxacin,DB01165
605,J02AC02,itraconazole,DB01167
606,L01XB01,procarbazine,DB01168
607,L01XX27,arsenic trioxide,DB01169
608,N06AG02,moclobemide,DB01171
609,S01AA24,kanamycin,DB01172
610,N06AB10,escitalopram,DB01175
611,R06AE03,cyclizine,DB01176
612,L01DB06,idarubicin,DB01177
613,D06BB04,podofilox,DB01179
614,L01AA06,ifosfamide,DB01181
615,C01BC03,propafenone,DB01182
616,A03FA03,domperidone,DB01184
617,G03BA01,fluoxymesterone,DB01185
618,N04BC02,pergolide,DB01186
619,D01AE14,ciclopirox,DB01188
620,N01AB07,desflurane,DB01189
621,D10AF01,clindamycin,DB01190
622,C07AB04,acebutolol,DB01193
623,C01BC04,flecainide,DB01195
624,L01XX11,estramustine,DB01196
625,C09AA01,captopril,DB01197
626,N05CF01,zopiclone,DB01198
627,N04BC01,bromocriptine,DB01200
628,J04AB05,rifapentine,DB01201
629,N03AX14,levetiracetam,DB01202
630,L01DB07,mitoxantrone,DB01204
631,V03AB25,flumazenil,DB01205
632,L01AD02,lomustine,DB01206
633,J01MA09,sparfloxacin,DB01208
634,S01ED03,levobunolol,DB01210
635,J01DD04,ceftriaxone,DB01212
636,V03AB34,fomepizole,DB01213
637,N05CD04,estazolam,DB01215
638,D11AX10,finasteride,DB01216
639,L02BG03,anastrozole,DB01217
640,P01BX01,halofantrine,DB01218
641,M03CA01,dantrolene,DB01219
642,A07AA11,rifaximin,DB01220
643,N01AX03,ketamine,DB01221
644,D07AC09,budesonide,DB01222
645,N05AH04,quetiapine,DB01224
646,B01AB05,enoxaparin,DB01225
647,M03AC10,mivacurium,DB01226
648,L01CD01,paclitaxel,DB01229
649,J05AE01,saquinavir,DB01232
650,A03FA01,metoclopramide,DB01233
651,N01AB08,sevoflurane,DB01236
652,N05AX12,aripiprazole,DB01238
653,B01AC09,epoprostenol,DB01240
654,C10AB04,gemfibrozil,DB01241
655,N06AA04,clomipramine,DB01242
656,C08EA02,bepridil,DB01244
657,N06AF01,isocarboxazid,DB01247
658,L01CD02,docetaxel,DB01248
659,V08AB09,iodixanol,DB01249
660,A07EC03,olsalazine,DB01250
661,G02AB03,ergometrine,DB01253
662,L01XE06,dasatinib,DB01254
663,D06AX13,retapamulin,DB01256
664,L01XE07,lapatinib,DB01259
665,S01BA11,desonide,DB01260
666,L01BC08,decitabine,DB01262
667,J02AC04,posaconazole,DB01263
668,J05AF11,telbivudine,DB01265
669,N05AX13,paliperidone,DB01267
670,L01XE04,sunitinib,DB01268
671,N07BA03,varenicline,DB01273
672,C02DB02,hydralazine,DB01275
673,A10BX05,pramlintide,DB01278
674,L01BB07,nelarabine,DB01280
675,H01AA02,tetracosactide,DB01284
676,H01AA01,corticotropin,DB01285
677,R03CC07,pirbuterol,DB01291
678,A10AE05,insulin detemir,DB01307
679,J05AE07,fosamprenavir,DB01319
680,N03AB05,fosphenytoin,DB01320
681,C03AA05,polythiazide,DB01324
682,J01DB04,cefazolin,DB01327
683,J01DC05,cefotetan,DB01330
684,J01DC01,cefoxitin,DB01331
685,J01DD07,ceftizoxime,DB01332
686,M03AC01,pancuronium,DB01337
687,M03AC03,vecuronium,DB01339
688,V03AE01,tolevamer,DB01344
689,N05CA02,amobarbital,DB01351
690,V08AB02,iohexol,DB01362
691,S01FB02,ephedrine,DB01364
692,N04BD02,rasagiline,DB01367
693,N06DX02,ginkgo biloba,DB01381
694,B05CB04,sodium bicarbonate,DB01390
695,C10AB02,bezafibrate,DB01393
696,M04AC01,colchicine,DB01394
697,N02BA06,salsalate,DB01399
698,N07AA01,neostigmine,DB01400
699,N05AA02,methotrimeprazine,DB01403
700,G03XA01,danazol,DB01406
701,R03BA08,ciclesonide,DB01410
702,J01DE01,cefepime,DB01413
703,J01DD14,ceftibuten,DB01415
704,J01DD13,cefpodoxime,DB01416
705,B01AA07,acenocoumarol,DB01418
706,A07AA06,paromomycin,DB01421
707,C10AC01,cholestyramine,DB01432
708,G04BX06,phenazopyridine,DB01438
709,A08AA07,cathine,DB01486
710,N05CD03,flunitrazepam,DB01544
711,N05BA08,bromazepam,DB01558
712,N06BA02,dextroamphetamine,DB01576
713,N06BA03,metamfetamine,DB01577
714,A05AA02,ursodeoxycholic acid,DB01586
715,N05CD10,quazepam,DB01589
716,L01XE10,everolimus,DB01590
717,G04BD08,solifenacin,DB01591
718,N05CD02,nitrazepam,DB01595
719,M01AE11,tiaprofenic acid,DB01600
720,N05AC01,periciazine,DB01608
721,V03AC03,deferasirox,DB01609
722,J05AB14,valganciclovir,DB01610
723,P01BA02,hydroxychloroquine,DB01611
724,N05AE02,molindone,DB01618
725,N05AF04,thiothixene,DB01623
726,N05AF05,zuclopenthixol,DB01624
727,J01FF02,lincomycin,DB01627
728,M01AH05,etoricoxib,DB01628
729,B05CX02,sorbitol,DB01638
730,R03DX07,roflumilast,DB01656
731,L01XX38,vorinostat,DB02546
732,H01BA04,terlipressin,DB02638
733,A05AA03,cholic acid,DB02659
734,S01AA13,fusidic acid,DB02703
735,S01EB09,acetylcholine,DB03128
736,S02AA10,acetic acid,DB03166
737,B05XX02,tromethamine,DB03754
738,L01AD05,fotemustine,DB04106
739,A09AB04,citric acid,DB04272
740,G01AD01,lactic acid,DB04398
741,L01AC01,thiotepa,DB04572
742,G03CC06,estriol,DB04573
743,V08AC04,iodipamide,DB04711
744,J05AX09,maraviroc,DB04835
745,A03AB12,mepenzolate,DB04843
746,N07XX06,tetrabenazine,DB04844
747,L01DC04,ixabepilone,DB04845
748,C07AB08,celiprolol,DB04846
749,M04AA03,febuxostat,DB04854
750,L01XE08,nilotinib,DB04868
751,A10BH02,vildagliptin,DB04876
752,S01LA03,pegaptanib,DB04895
753,N06AX17,milnacipran,DB04896
754,C01DX19,nesiritide,DB04899
755,J01XA05,oritavancin,DB04911
756,R03AC18,indacaterol,DB05039
757,L01CX01,trabectedin,DB05109
758,D06BA01,silver sulfadiazine,DB05245
759,N03AD03,methsuximide,DB05246
760,L03AX13,glatiramer,DB05259
761,N04BC09,rotigotine,DB05271
762,B02BX04,romiplostim,DB05332
763,L03AX14,histamine,DB05381
764,V04CD04,corticorelin,DB05394
765,L04AC05,ustekinumab,DB05679
766,H05AA03,parathyroid hormone,DB05829
767,N06AX03,mianserin,DB06148
768,R05CB01,acetylcysteine,DB06151
769,N02CX01,pizotifen,DB06153
770,A08AX01,rimonabant,DB06155
771,L01XX39,romidepsin,DB06176
772,N03AF03,rufinamide,DB06201
773,N02AX06,tapentadol,DB06204
774,V03AB35,sugammadex,DB06206
775,G04CA04,silodosin,DB06207
776,B01AC22,prasugrel,DB06209
777,B02BX05,eltrombopag,DB06210
778,J01DH04,doripenem,DB06211
779,C03XA01,tolvaptan,DB06212
780,C01EB21,regadenoson,DB06213
781,N05AH05,asenapine,DB06216
782,N03AX18,lacosamide,DB06218
783,J01XA04,dalbavancin,DB06219
784,P01CX03,eflornithine,DB06243
785,C02KX03,sitaxentan,DB06268
786,A06AH02,alvimopan,DB06274
787,R06AE09,levocetirizine,DB06282
788,N02BG08,ziconotide,DB06283
789,H05AA02,teriparatide,DB06285
790,L01XE09,temsirolimus,DB06287
791,N05AL05,amisulpride,DB06288
792,G03XC02,bazedoxifene,DB06401
793,J01XA03,telavancin,DB06402
794,C02KX02,ambrisentan,DB06403
795,H05BX03,doxercalciferol,DB06410
796,A14AA05,oxymetholone,DB06412
797,J05AG04,etravirine,DB06414
798,L01XE11,pazopanib,DB06589
799,N06AX22,agomelatine,DB06594
800,L01XC10,ofatumumab,DB06650
801,N01AX13,nitrous oxide,DB06690
802,B02AB01,aprotinin,DB06692
803,B01AE07,dabigatran etexilate,DB06695
804,N07CA01,betahistine,DB06698
805,L02BX02,degarelix,DB06699
806,N06AX23,desvenlafaxine,DB06700
807,N06BA11,dexmethylphenidate,DB06701
808,G04BD11,fesoterodine,DB06702
809,V08CA09,gadobutrol,DB06703
810,V08CA11,gadofosveset trisodium,DB06705
811,G03BA02,methyltestosterone,DB06710
812,R01AB02,naphazoline,DB06711
813,L02AE01,buserelin,DB06719
814,A16AA06,glycine betaine,DB06756
815,A16AB06,sacrosidase,DB06760
816,S01GA02,tetryzoline,DB06764
817,L01AA09,bendamustine,DB06769
818,H05BA03,human calcitonin,DB06773
819,M02AB01,capsaicin,DB06774
820,A16AA05,carglumic acid,DB06775
821,A05AA01,chenodeoxycholic acid,DB06777
822,B01AB04,dalteparin,DB06779
823,D07AC19,difluprednate,DB06781
824,V03AB09,dimercaprol,DB06782
825,V03AB31,prussian blue,DB06783
826,H01CC01,ganirelix,DB06785
827,D07AD02,halcinonide,DB06786
828,H01CB03,lanreotide,DB06791
829,V03AE03,lanthanum carbonate,DB06792
830,S01GX05,lodoxamide,DB06794
831,J01XX05,methenamine,DB06799
832,A06AH01,methylnaltrexone,DB06800
833,S01BC10,nepafenac,DB06802
834,L03AX16,plerixafor,DB06809
835,L01BA05,pralatrexate,DB06813
836,A16AX03,phenylbutyric acid,DB06819
837,D01AC09,sulconazole,DB06820
838,B01AB10,tinzaparin,DB06822
839,L02AE04,triptorelin,DB06825
840,S01EE02,unoprostone,DB06826
841,M01AH04,parecoxib,DB08439
842,D08AE04,triclosan,DB08604
843,B01AB06,nadroparin,DB08813
844,S01EE05,tafluprost,DB08819
845,V09AB03,ioflupane i-123,DB08824
846,V03AC02,deferiprone,DB08826
847,C10AA08,pitavastatin,DB08860
848,V08CA10,gadoxetic acid,DB08884
849,C04AA01,isoxsuprine,DB08941
850,V08AB04,iopamidol,DB08947
851,G02AD03,gemeprost,DB08964
852,R05CB02,bromhexine,DB09019
853,C10AD06,acipimox,DB09055
854,D01AE16,amorolfine,DB09056
855,G02CX01,atosiban,DB09059
856,G03CX01,tibolone,DB09070
857,N01AX11,sodium oxybate,DB09072
858,C01EB17,ivabradine,DB09083
859,A01AD02,benzydamine,DB09084
860,C05AD02,tetracaine,DB09085
861,A03AX04,pinaverium,DB09090
862,D10AE01,benzoyl peroxide,DB09096
863,B05AA07,hydroxyethyl starch,DB09106
864,R05CB05,coenzyme m,DB09110
865,V03AB08,nitrous acid,DB09112
866,N05CC05,paraldehyde,DB09117
867,N03AX17,stiripentol,DB09118
868,M02AB02,zucapsaicin,DB09120
869,V08AA04,iothalamic acid,DB09133
870,V08AB07,ioversol,DB09134
871,V08AB12,ioxilan,DB09135
872,V04CC03,sincalide,DB09142
873,B03AB02,iron sucrose,DB09146
874,B05XA03,sodium chloride,DB09153
875,V08AB05,iopromide,DB09156
876,N06AA16,dosulepin,DB09167
877,M01AE14,dexibuprofen,DB09213
878,C01DX16,nicorandil,DB09220
879,V03AB17,methylene blue,DB09241
880,C02AC05,moxonidine,DB09242
881,B05AA05,dextran,DB09255
882,B01AB12,bemiparin,DB09258
883,B01AB08,reviparin,DB09259
884,B01AB07,parnaparin,DB09260
885,M05BX03,strontium ranelate,DB09267
886,M01CB01,sodium aurothiomalate,DB09276
887,V08AB03,ioxaglic acid,DB09313
888,D03AX03,dexpanthenol,DB09357
889,L02AA02,polyestradiol phosphate,DB09369
890,B05XA08,sodium acetate,DB09395
891,V04CJ02,protirelin,DB09421
892,A10AD02,insulin beef,DB09456
893,A06AX01,glycerin,DB09462
894,V08AB06,iotrolan,DB09487
895,D11AX11,hydroquinone,DB09526
896,V04CK01,secretin human,DB09532
897,B01AE01,desirudin,DB11095
898,V08DA05,sulfur hexafluoride,DB11104
899,P02CC01,pyrantel,DB11156
900,S01FA05,homatropine,DB11181
901,L01XD05,temoporfin,DB11630
902,A11HA08,tocofersolan,DB11635
903,L01CA05,vinflunine,DB11641
904,A04AA03,tropisetron,DB11699
905,D07AD01,clobetasol,DB11750
906,N01AX14,esketamine,DB11823
907,N02BG06,nefopam,DB12293
908,L03AA03,molgramostim,DB12525
909,A03AA04,mebeverine,DB12554
910,G02AD01,dinoprost,DB12789
911,D08AL30,silver,DB12965
912,R01AA09,tramazoline,DB13064
913,D07AB01,clobetasone,DB13158
914,S01XA11,nandrolone,DB13169
915,H05BA02,calcitonin porcine,DB13189
916,M03AC04,atracurium,DB13295
917,B05XA13,hydrochloric acid,DB13366
918,C07AB11,esatenolol,DB13443
919,L03AX15,mifamurtide,DB13615
920,N04AB01,etanautine,DB13636
921,V03AB14,protamine,DB13700
922,N05AF02,clopenthixol,DB13841
923,R03BA05,fluticasone,DB13867
924,N05CD06,lormetazepam,DB13872
925,B03AA10,ferrous ascorbate,DB14490
926,N05AN01,lithium carbonate,DB14509
927,D07AB02,hydrocortisone butyrate,DB14540
928,N03AF04,eslicarbazepine,DB14575
929,S01BA14,loteprednol,DB00873
930,H02AB10,cortisone,DB14681
931,B06AA03,hyaluronidase,DB14740
932,S02AA11,polymyxin b,DB00781
933,V04CJ01,thyrotropin,DB15263
